competitor_index,competitor_product,our_index,our_product,retrieval_score,rerank_score,retrieval_rank,match_status
0,"Хэд энд Шолдерс - Шампунь д/волос против перхоти, 400мл",183,SHAMPOO [H&S] против перхоти (400мл),0.7950657606124878,0.99951171875,1,matched
1,Head & Shoulders Засіб д/волосся ментол 200мл,387,Hair cleanser Head&Shoulders - ментол / 200мл,0.8820908069610596,0.998046875,1,matched
2,"Head&Shoulders - Шамп. для чувствительной кожи, 600мл",35,Hair cleanser [Head&Shoulders] для чувствительной кожи (600мл),0.8891897201538086,0.99951171875,1,matched
3,"Pantene ProV - Засіб д/волосся восстановление, 400мл",438,Hair cleanser [Пантин] восстановление (400мл),0.7797501087188721,0.9892578125,1,matched
4,Pantene ProV Шампунь объем 250мл,39,Pantene Pro-V Shamp объем 250мл,0.8765697479248047,1.0,1,matched
5,Шамп. Pantene (питание) 200мл,10,питание Shamp Pantene 200мл,0.92274010181427,0.99951171875,1,matched
6,L'Oreal Elseve ШАМПУНЬ против выпадения 400мл,18,Shamp Эльсев - против выпадения / 400мл,0.8194582462310791,1.0,1,matched
7,ШАМПУНЬ Elseve для окрашенных волос 250мл,82,для окрашенных волос Засіб для миття волосся Elseve 250мл,0.9271361827850342,1.0,1,matched
8,Засіб д/волосся L'Oreal Elseve (экстраординарное масло) 400мл,219,Шампунь для волосся [Elseve L'Oreal] экстраординарное масло (400мл),0.9385858774185181,0.99755859375,1,matched
9,Gliss Шамп. экстремальное восстановление 400мл,332,Глисс Кур | Шампунь для волосся | экстремальное восстановление | 400мл,0.8437823057174683,0.99658203125,2,matched
10,Засіб д/волосся GLISS KUR гиалурон 250мл,163,Засіб для миття волосся [GlissKur] гиалурон (250мл),0.8664153218269348,0.99853515625,1,matched
11,Засіб д/волосся Шаума (7 трав) 400мл,210,Schauma Шампунь для волосся 7 трав 400мл,0.8418217301368713,0.998046875,1,matched
12,"ШАМПУНЬ SCHAUMA ""для мужчин"" 400мл",133,для мужчин Шампунь для волосся SCHAUMA 400мл,0.9599125981330872,1.0,1,matched
13,Шампунь д/волос Шаума (fresh it up) 250мл,330,Шаума | SHAMPOO | fresh it up | 250мл,0.9332772493362427,1.0,1,matched
14,CLEAR Засіб д/волосся ледяная свежесть 400мл,145,Clear Men Засіб для миття волосся ледяная свежесть 400мл,0.8890103697776794,0.9970703125,1,matched
15,"Clear Men - Шамп. против перхоти для женщин, 380мл",184,Clear | Hair cleanser | против перхоти для женщин | 380мл,0.8592066168785095,0.99755859375,1,matched
16,"Шамп. Dove ""интенсивное восстановление"" 400мл",303,Dove | Шампунь для волосся | интенсивное восстановление | 400мл,0.9442309737205505,1.0,1,matched
17,Шамп. Дав (питательный уход) 250мл,61,питательный уход Засіб для миття волосся Dove 250мл,0.7714444398880005,0.8515625,1,matched
18,"Шампунь Nivea ""мицеллярный"" 400мл",77,Засіб для миття волосся Нивея - мицеллярный / 400мл,0.7705219388008118,0.99951171875,1,matched
19,Засіб д/волосся Nivea Care (для жирных волос) 250мл,150,Hair cleanser [Nivea] для жирных волос (250мл),0.8741941452026367,0.9990234375,1,matched
20,"ШАМПУНЬ Fructis ""рост во всю силу"" 400мл",27,Garnier Fructis Засіб для миття волосся рост во всю силу 400мл,0.8895131945610046,0.998046875,1,matched
21,Шамп. Гарньер огуречная свежесть 250мл,55,Garnier Fructis Засіб для миття волосся огуречная свежесть 250мл,0.7650164365768433,0.9931640625,1,matched
22,"SYOSS - Шамп. keratin, 500мл",190,Syoss Professional Засіб для миття волосся keratin 500мл,0.8406618237495422,0.99951171875,1,matched
23,Syoss ШАМПУНЬ repair 440мл,4,Hair cleanser Syoss Professional - repair / 440мл,0.8204454183578491,0.9970703125,1,matched
24,Timotei Засіб д/волосся чистота и свежесть 400мл,71,Shamp Тимотей - чистота и свежесть / 400мл,0.7983654737472534,0.9990234375,1,matched
25,Шампунь L'Oreal Paris полное восстановление 5 400мл,38,LOREAL PARIS SHAMPOO полное восстановление 5 400мл,0.9353154897689819,1.0,1,matched
26,"Шампунь Лореаль ""против ломкости"" 250мл",79,против ломкости Засіб для миття волосся Лореаль 250мл,0.9067266583442688,0.99951171875,1,matched
27,Herbal Essences Шамп. алоэ и манго 400мл,252,Shamp Herbal Essences - алоэ и манго / 400мл,0.9399756193161011,1.0,1,matched
28,Herbal Essences ШАМПУНЬ аргановое масло 400мл,142,Хербал Эссенсес Шампунь для волосся аргановое масло 400мл,0.8447237014770508,1.0,1,matched
29,Шамп. Organix (кокосовое молоко) 385мл,482,Shamp [OGX Beauty] кокосовое молоко (385мл),0.8723832964897156,0.97119140625,1,matched
30,"OGX - ШАМПУНЬ аргановое масло Марокко, 385мл",274,Organix | Засіб для миття волосся | аргановое масло Марокко | 385мл,0.8461073637008667,0.99755859375,1,matched
31,Tresemmé Засіб д/волосся разглаживающий 400мл,215,Засіб для миття волосся [TRESEMME] разглаживающий (400мл),0.8988975286483765,1.0,1,matched
32,Tresemmé Шамп. для объема 400мл,349,Tresemmé Шампунь для волосся для объема 400мл,0.9121860265731812,1.0,1,matched
33,Шампунь Londa для нормальных волос 250мл,232,Засіб для миття волосся [Londa] для нормальных волос (250мл),0.9378946423530579,0.99951171875,1,matched
34,Шампунь д/волос AUSSIE miracle moist 300мл,161,Шампунь для волосся AUSSIE - miracle moist / 300мл,0.9509382843971252,1.0,1,matched
35,PANTENE Бальзам интенсивное восстановление 200мл,304,Balm [Pantene Pro-V] интенсивное восстановление (200мл),0.879111647605896,0.99755859375,1,matched
36,"Ополіскувач Pantene ProV ""густые и крепкие"" 360мл",172,PANTENE | Бальзам-ополіскувач | густые и крепкие | 360мл,0.8934599161148071,0.998046875,1,matched
37,Elseve L'Oreal Бальз. полное восстановление 200мл,491,Эльсев | Бальзам-ополіскувач | полное восстановление | 200мл,0.8546898365020752,0.998046875,2,matched
38,Ополіскувач Elseve L'Oreal (цвет эксперт) 200мл,449,ELSEVE | Ополаскиватель | цвет эксперт | 200мл,0.9125766754150391,1.0,2,matched
39,Кондиционер GLISS KUR (oil nutritive) 200мл,289,Hair conditioner [Глисс Кур] oil nutritive (200мл),0.8862587213516235,0.99951171875,1,matched
40,"Gliss Kur - Кондиц. liquid silk, 200мл",24,COND Gliss - liquid silk / 200мл,0.8551430702209473,0.998046875,1,matched
41,"SCHAUMA - Бальз. природные минералы, 250мл",479,природные минералы Бальзам-ополіскувач Schauma Schwarzkopf 250мл,0.8445367217063904,0.9970703125,1,matched
42,"Дав - Conditioner интенсивное восстановление, 200мл",91,Дав | Бальзам-ополіскувач | интенсивное восстановление | 200мл,0.8186498284339905,0.9638671875,1,matched
43,"DOVE - Кондиционер питательный уход, 200мл",49,Дав COND питательный уход 200мл,0.7874259352684021,0.9931640625,2,matched
44,Бальзам-ополаскиватель GARNIER (superfood банан) 350мл,105,Кондиціонер [GARNIER] superfood банан (350мл),0.8621958494186401,0.97705078125,1,matched
45,"Garnier - Conditioner sos восстановление, 200мл",14,Кондиціонер [Garnier] sos восстановление (200мл),0.9310590028762817,1.0,1,matched
46,"SYOSS - Кондиц. moisture, 500мл",399,Syoss | COND | moisture | 500мл,0.8818992376327515,0.99951171875,1,matched
47,Syoss Кондиц. color 500мл,297,SYOSS | Кондиціонер д/волосся | color | 500мл,0.8995335102081299,0.99951171875,1,matched
48,Лореаль Ополіскувач эльсев против ломкости 400мл,439,Loreal | Бальзам-ополіскувач | эльсев против ломкости | 400мл,0.9170223474502563,0.99951171875,1,matched
49,"Бальзам-кондиціонер Хербал Эссенсес ""кокосовое молоко"" 400мл",154,Herbal Essences | Hair conditioner | кокосовое молоко | 400мл,0.814365565776825,0.9990234375,1,matched
50,Бальзам-кондиціонер OGX macadamia oil 385мл,89,Organix COND macadamia oil 385мл,0.8128108978271484,0.99365234375,2,matched
51,Ополіскувач Tresemmé (keratin smooth) 400мл,272,Ополаскиватель Tresemmé - keratin smooth / 400мл,0.9223639369010925,1.0,1,matched
52,HeadShoulders Conditioner основной уход 200мл,1,Head&Shoulders | CONDITIONER | основной уход | 200мл,0.9494924545288086,1.0,1,matched
53,Conditioner AUSSIE (3 minute miracle) 250мл,408,COND AUSSIE - 3 minute miracle / 250мл,0.874405026435852,0.99951171875,1,matched
54,Hair mask Pantene интенсивное восстановление 300мл,355,Mask for hair PANTENE - интенсивное восстановление / 300мл,0.9527963399887085,1.0,1,matched
55,Гель д/душа NIVEA свежесть 500мл,100,NIVEA Гель д/тіла свежесть 500мл,0.943867027759552,0.99169921875,1,matched
56,Гель для душа Nivea Care крем уход 250мл,74,Nivea Care SHOWER GEL крем уход 250мл,0.9170773029327393,0.9990234375,1,matched
57,"Гель д/душа Nivea Care ""цветок кактуса"" 500мл",127,цветок кактуса Body wash NIVEA 500мл,0.8327105641365051,0.9921875,1,matched
58,Нивея Мен Гель д/душа active clean 500мл,221,Body wash NIVEA MEN - active clean / 500мл,0.7491341829299927,0.99755859375,1,matched
59,"Nivea for Men - Гель д/душа cool kick, 250мл",490,Засіб для душу [NIVEA MEN] cool kick (250мл),0.871752142906189,1.0,1,matched
60,Душ гель DOVE (питательный) 500мл,385,Dove | Засіб для душу | питательный | 500мл,0.8924018740653992,1.0,1,matched
61,"Dove - Гель д/душу кокос, 250мл",306,SHOWER GEL Dove - кокос / 250мл,0.872343897819519,0.9990234375,1,matched
62,Dove care Гель для душа огурец и зеленый чай 500мл,144,Засіб для душу Dove care - огурец и зеленый чай / 500мл,0.9251142740249634,1.0,1,matched
63,"Душ гель Dove MenCare ""clean comfort"" 400мл",343,Dove Men Body wash clean comfort 400мл,0.852446973323822,0.9921875,1,matched
64,"Гель д/душа Dove Men ""extra fresh"" 250мл",199,Dove Men+Care Гель д/тіла extra fresh 250мл,0.9372178316116333,0.98974609375,1,matched
65,Palmolive Гель д/душу роскошь масел 500мл,412,Body wash [Palmolive] роскошь масел (500мл),0.8567163944244385,0.98876953125,1,matched
66,Душ гель Palmolive Naturals (мягкий и сладкий персик) 500мл,129,Palmolive | Засіб для душу | мягкий и сладкий персик | 500мл,0.8775471448898315,1.0,1,matched
67,Palmolive Naturals Гель д/душа натурэль олива и молочко 750мл,488,PALMOLIVE | Засіб для душу | натурэль олива и молочко | 750мл,0.8704215288162231,1.0,1,matched
68,Гель д/душу Fa (йогурт ваниль-мед) 250мл,233,йогурт ваниль-мед Засіб для душу FA 250мл,0.9006885290145874,1.0,1,matched
69,"Shower gel Fa ""magic oil розовый жасмин"" 250мл",292,Fa Body wash magic oil розовый жасмин 250мл,0.8823570609092712,0.98681640625,2,matched
70,"Fa Men - Гель д/душа xtreme cool, 250мл",312,xtreme cool Засіб для душу Fa for men 250мл,0.8740746378898621,1.0,1,matched
71,Душ гель FA MEN (sport double power) 400мл,19,Fa Men Гель д/тіла sport double power 400мл,0.9505411982536316,0.99951171875,1,matched
72,OldSpice Гель д/душа whitewater 400мл,212,Гель д/тіла OLD SPICE - whitewater / 400мл,0.9045319557189941,0.99853515625,1,matched
73,Old Spice Shower gel bearglove 250мл,211,Old Spice | Гель д/тіла | bearglove | 250мл,0.908183217048645,0.99072265625,1,matched
74,Олд Спайс Shower gel wolfthorn 400мл,41,Засіб для душу [Old Spice] wolfthorn (400мл),0.7542794346809387,0.99658203125,1,matched
75,Гель для душа AXE black 400мл,117,black Засіб для душу АКС 400мл,0.8687262535095215,0.99951171875,1,matched
76,АКС Shower gel ice chill 250мл,5,ice chill Гель д/тіла Axe 250мл,0.8754891157150269,0.99560546875,1,matched
77,"AXE - Душ гель dark temptation, 400мл",316,AXE Effect | SHOWER GEL | dark temptation | 400мл,0.8917357325553894,0.99951171875,1,matched
78,Душ гель Camay romantique 250мл,333,Засіб для душу [Камей] romantique (250мл),0.8292837142944336,0.99951171875,1,matched
79,Гель д/душа Camay (dynamique grapefruit) 250мл,362,Camay Гель д/тіла dynamique grapefruit 250мл,0.9527868628501892,0.9970703125,1,matched
80,Гель для душа DUSCHDAS sport 250мл,248,Засіб для душу [Душ Дас] sport (250мл),0.8212023377418518,1.0,1,matched
81,"Крем-гель для душа Дав ""sensitive skin"" 500мл",46,Дав Крем-душ sensitive skin 500мл,0.9221590757369995,1.0,1,matched
82,"Johnson&Johnson - Душ гель vita-rich лесные ягоды, 250мл",263,Johnson&Johnson SHOWER GEL vita-rich лесные ягоды 250мл,0.9241718053817749,1.0,1,matched
83,"Johnson&Johnson - Гель д/душу мягкость хлопка, 400мл",216,Johnson&Johnson | Гель д/тіла | мягкость хлопка | 400мл,0.9440584182739258,0.99951171875,1,matched
84,Душ гель RADOX (feel refreshed) 250мл,381,Засіб для душу Радокс - feel refreshed / 250мл,0.8513228893280029,1.0,2,matched
85,"Гель для душа Радокс ""feel ready"" 250мл",381,Засіб для душу Радокс - feel refreshed / 250мл,0.8217942118644714,0.99658203125,2,matched
86,"Shower gel Le Petit Marseillais ""вербена лимон"" 250мл",158,Ле Пти Марсейе Засіб для душу вербена лимон 250мл,0.6836179494857788,0.9990234375,2,matched
87,"Shower gel Le Petit Marseillais ""лаванда прованса"" 250мл",25,Гель д/тіла LePetitMarseillais - лаванда прованса / 250мл,0.8473462462425232,0.99951171875,1,matched
88,Гель для душа BALEA (creme dusche) 300мл,214,Балеа Body wash creme dusche 300мл,0.8562321662902832,0.97705078125,1,matched
89,Душ гель Balea Men fresh 300мл,243,fresh Гель д/тіла Balea Men 300мл,0.9481861591339111,0.99951171875,1,matched
90,Мыло туалетное Дав (красота и уход) 100г,94,Bar soap Дав - красота и уход / 100г,0.7995969653129578,0.99560546875,1,matched
91,Туалетное мыло Dove нежное отшелушивание 100г,26,нежное отшелушивание Bar soap Дав 100г,0.7741017937660217,0.9169921875,1,matched
92,Дав Мыло туалетное питательное 135г,59,питательное Мило тверде Dove care 135г,0.7175965309143066,0.7734375,1,matched
93,Soap Camay романтик 85г,370,SOAP BAR CAMAY - романтик / 85г,0.9009551405906677,0.99951171875,1,matched
94,Мило CAMAY (classique) 85г,357,SOAP BAR CAMAY - classique / 85г,0.7930485010147095,0.98046875,1,matched
95,Soap PALMOLIVE (роскошная мягкость) 90г,78,Palmolive Мило тверде роскошная мягкость 90г,0.8813036680221558,0.87841796875,1,matched
96,Палмолив Туалетное мыло ощущение бархата 90г,185,PALMOLIVE | Косметичне мило | ощущение бархата | 90г,0.8795223832130432,0.994140625,1,matched
97,"Palmolive - Жидкое мыло нейтрализующее запах, 300мл",446,PALMOLIVE | Рідке мило для рук | нейтрализующее запах | 300мл,0.8639214038848877,0.99462890625,1,matched
98,"Palmolive Naturals - Рідке мило олива, 300мл",123,Рідке мило для рук PALMOLIVE - олива / 300мл,0.9162139892578125,1.0,1,matched
99,"Dove - Мыло жидкое красота и уход, 250мл",61,питательный уход Засіб для миття волосся Dove 250мл,0.8292122483253479,0.96435546875,2,matched
100,Рідке мило Dove care очищение и увлажнение 250мл,61,питательный уход Засіб для миття волосся Dove 250мл,0.7710794806480408,0.8935546875,3,matched
101,Жидкое мыло Protex fresh 300мл,440,PROTEX | Hand wash | fresh | 300мл,0.8944047093391418,0.9658203125,1,matched
102,"Liquid soap Протекс ""cream"" 300мл",428,Протекс Hand wash cream 300мл,0.8505222797393799,0.9619140625,1,matched
103,Сейфгард Мыло классическое 90г,424,SOAP BAR Safeguard - классическое / 90г,0.7653524875640869,0.9970703125,1,matched
104,"Safeguard - Туалетное мыло алоэ, 90г",270,алоэ Косметичне мило Safeguard 90г,0.8888850212097168,0.97900390625,1,matched
105,FA Мыло жидкое гигиена и свежесть 250мл,276,LIQUID SOAP Fa - гигиена и свежесть / 250мл,0.8628787398338318,1.0,1,matched
106,Нивея Жидкое мыло крем-уход 250мл,231,крем-уход Hand wash NIVEA 250мл,0.810818076133728,0.953125,3,matched
107,Жидкое мыло NIVEA (молоко и мед) 250мл,281,Nivea Care | Hand wash | молоко и мед | 250мл,0.8707194328308105,0.947265625,1,matched
108,Soap LUX (magical spell) 80г,134,Люкс | SOAP BAR | magical spell | 80г,0.915760338306427,0.99853515625,1,matched
109,Туалетное мыло Люкс (soft touch) 80г,220,SOAP BAR [Lux] soft touch (80г),0.8508278131484985,0.998046875,1,matched
110,Liquid soap Деттол антибактериальное 250мл,358,LIQUID SOAP DETTOL - антибактериальное / 250мл,0.9629412293434143,1.0,1,matched
111,"Деттол - Liquid soap увлажняющее, 250мл",198,увлажняющее LIQUID SOAP Деттол 250мл,0.9721240401268005,1.0,1,matched
112,Мыло Johnsons (детское с молоком) 100г,436,Косметичне мило [Джонсонс] детское с молоком (100г),0.9209936857223511,1.0,1,matched
113,"Johnson's - Мило детское с медом, 100г",269,с медом Мило дитяче Johnson's Baby 100г,0.9520193338394165,1.0,1,matched
114,Зуб.паста Colgate (тройное действие) 100мл,146,Colgate TOOTHPASTE тройное действие 100мл,0.9424395561218262,1.0,1,matched
115,Паста зубная COLGATE (максимальная защита) 75мл,407,Паста для чищення зубів [COLGATE] максимальная защита (75мл),0.9773513674736023,1.0,1,matched
116,Зубная паста Колгейт (optic white) 75мл,393,optic white TOOTHPASTE Colgate 75мл,0.8958723545074463,1.0,1,matched
117,Паста д/зубів Colgate (sensitive pro-relief) 75мл,22,sensitive pro-relief TOOTHPASTE Колгейт 75мл,0.8770517706871033,1.0,1,matched
118,"Паста зубная Колгейт ""total 12"" 100мл",222,Колгейт Паста для чищення зубів total 12 100мл,0.9507279396057129,1.0,1,matched
119,"Блендамед - Паста д/зубів 3d white, 100мл",103,Паста для чищення зубів [Блендамед] 3d white (100мл),0.9507325887680054,1.0,1,matched
120,"Blend-a-med - Зубная паста complete 7, 100мл",415,Blendamed Паста для чищення зубів complete 7 100мл,0.8784813284873962,1.0,1,matched
121,Зубная паста Blend a med (про-эксперт) 75мл,471,Blendamed TOOTHPASTE про-эксперт 75мл,0.8522497415542603,1.0,1,matched
122,Паста д/зубів SENSODYNE мгновенный эффект 75мл,67,Паста для чищення зубів SENSODYNE - мгновенный эффект / 75мл,0.9444233179092407,1.0,1,matched
123,"Сенсодин - Зуб.паста восстановление и защита, 75мл",461,восстановление и защита TOOTHPASTE SENSODYNE 75мл,0.8092285990715027,1.0,1,matched
124,SENSODYNE Паста зубная глубокое очищение 75мл,36,Паста для чищення зубів [Sensodyne] глубокое очищение (75мл),0.9775482416152954,1.0,1,matched
125,Паста зубная LACALUT aktiv 75мл,268,Лакалют Tooth paste aktiv 75мл,0.8908485174179077,1.0,1,matched
126,Lacalut Паста зубная sensitive 75мл,389,TOOTHPASTE [Лакалют] sensitive (75мл),0.9056082963943481,1.0,1,matched
127,"LACALUT - Toothpaste white, 75мл",459,Лакалют | Tooth paste | white | 75мл,0.8836389780044556,1.0,1,matched
128,"Паста д/зубів Пародонтакс ""классическая"" 75мл",377,классическая TOOTHPASTE Parodontax 75мл,0.8278449177742004,1.0,1,matched
129,PARODONTAX Паста д/зубів с фтором 75мл,480,TOOTHPASTE Parodontax - с фтором / 75мл,0.9272547960281372,1.0,1,matched
130,Паста д/зубів OralB 3d white luxe 75мл,104,OralB Паста для чищення зубів 3d white luxe 75мл,0.9731495976448059,1.0,1,matched
131,"Oral-B - Паста д/зубів pro-expert, 75мл",411,Паста для чищення зубів [Орал Би] pro-expert (75мл),0.874269962310791,1.0,1,matched
132,Toothpaste AQUAFRESH тройная защита 100мл,96,Аквафреш | TOOTHPASTE | тройная защита | 100мл,0.9229117035865784,1.0,1,matched
133,Паста д/зубів AQUAFRESH intense clean 75мл,402,Аквафреш | Tooth paste | intense clean | 75мл,0.8999084234237671,1.0,1,matched
134,"Splat - Паста д/зубів professional biocalcium, 100мл",481,professional biocalcium Паста для чищення зубів Splat 100мл,0.9468910694122314,1.0,1,matched
135,Splat Паста д/зубів отбеливание плюс 100мл,119,Splat | Tooth paste | отбеливание плюс | 100мл,0.9283654689788818,1.0,1,matched
136,"ROCS - Toothpaste бионика, 74г",21,Паста для чищення зубів [ROCS] бионика (74г),0.8980118036270142,1.0,1,matched
137,Паста зубная R.O.C.S. (активный кальций) 94г,124,TOOTHPASTE ROCS - активный кальций / 94г,0.8471313118934631,1.0,1,matched
138,"Зубная паста ELMEX ""защита от кариеса"" 75мл",360,Элмекс | TOOTHPASTE | защита от кариеса | 75мл,0.9331321120262146,1.0,1,matched
139,"ELMEX - Паста д/зубів sensitive, 75мл",293,ELMEX | Tooth paste | sensitive | 75мл,0.9247820377349854,1.0,1,matched
140,"Зуб.паста PRESIDENT ""classic"" 75мл",463,PRESIDENT Tooth paste classic 75мл,0.9428353905677795,1.0,1,matched
141,Президент Паста д/зубів white plus 100мл,368,TOOTHPASTE [Президент] white plus (100мл),0.9271367788314819,0.99951171875,1,matched
142,"Паста зубная детская COLGATE ""клубника"" 50мл",181,клубника Дитяча паста для зубів Colgate 50мл,0.9754104614257812,1.0,1,matched
143,"Детская зуб.паста Орал Би ""frozen"" 75мл",193,frozen Children toothpaste Oral B 75мл,0.843317985534668,0.9990234375,1,matched
144,"Дез. Нивея ""невидимый для черного и белого"" 150мл",101,DEODORANT Nivea Care - невидимый для черного и белого / 150мл,0.8337393403053284,0.99951171875,1,matched
145,Nivea Care Дезодорант fresh natural 150мл,11,DEODORANT Nivea - fresh natural / 150мл,0.8931950926780701,1.0,1,matched
146,Нивея Дез. dry impact 150мл,182,Дезодорант-антиперспірант [Nivea] dry impact (150мл),0.8147401809692383,0.9990234375,1,matched
147,"Антиперспірант Nivea Men ""silver protect"" 150мл",336,silver protect Body spray Nivea Men 150мл,0.872411847114563,0.99560546875,1,matched
148,Дезодорант Nivea for Men (deep) 150мл,348,deep Дезодорант-антиперспірант Nivea for Men 150мл,0.9168460369110107,0.99951171875,1,matched
149,"REXONA - Antiperspirant невидимая на черном и белом, 150мл",250,ANTIPERSPIRANT Рексона - невидимая на черном и белом / 150мл,0.9502713680267334,1.0,1,matched
150,Rexona Антиперсп. shower fresh 150мл,287,Rexona | ANTIPERSPIRANT | shower fresh | 150мл,0.9506897926330566,1.0,1,matched
151,REXONA Дезодорант-антиперспірант motion sense 150мл,60,Rexona | Антиперспирант 48h | motion sense | 150мл,0.8708990812301636,0.98974609375,1,matched
152,"Антиперсп. Rexona for men ""cobalt dry"" 150мл",398,Rexona for men | ANTIPERSPIRANT | cobalt dry | 150мл,0.9444833993911743,1.0,1,matched
153,REXONA MEN Дезодорант-антиперспірант sport defence 150мл,256,Rexona Men Антиперспирант 48h sport defence 150мл,0.8990558385848999,0.9912109375,1,matched
154,"Дав - Дезодорант-спрей invisible dry, 150мл",429,Body spray [Дав] invisible dry (150мл),0.8607824444770813,0.99853515625,1,matched
155,"Дезодорант DOVE ""go fresh"" 150мл",401,DEODORANT [Dove care] go fresh (150мл),0.9432671666145325,0.99853515625,1,matched
156,"Антиперспірант Dove care ""original"" 150мл",246,original Дезодорант-антиперспірант DOVE 150мл,0.8858187198638916,0.998046875,1,matched
157,"Dove Men+Care - Дезодорант-спрей clean comfort, 150мл",213,clean comfort DEODORANT Dove MenCare 150мл,0.905992329120636,1.0,1,matched
158,"Антиперспірант Dove MenCare ""extra fresh"" 150мл",195,DEODORANT [Dove Men+Care] extra fresh (150мл),0.8666055202484131,0.99658203125,1,matched
159,Deo Old Spice (whitewater) 150мл,431,whitewater Body spray Old Spice 150мл,0.8462291955947876,0.98486328125,1,matched
160,Антиперспірант Old Spice (wolfthorn) 150мл,379,OLD SPICE | Body spray | wolfthorn | 150мл,0.8398910760879517,0.9873046875,1,matched
161,Дезодорант-спрей OLD SPICE bearglove 150мл,431,whitewater Body spray Old Spice 150мл,0.7329731583595276,0.90185546875,3,matched
162,"Антиперспірант AXE Effect ""black"" 150мл",226,AXE Effect Дезодорант-антиперспірант black 150мл,0.9343372583389282,0.9970703125,1,matched
163,Axe Дез. ice chill 150мл,251,AXE | DEODORANT | ice chill | 150мл,0.9141830801963806,0.99853515625,1,matched
164,Дез. Axe apollo 150мл,218,Дезодорант-антиперспірант [АКС] apollo (150мл),0.8400804996490479,0.998046875,2,matched
165,Фа Антиперспирант sport double power 150мл,131,Fa | Anti-perspirant | sport double power | 150мл,0.9313476085662842,1.0,2,matched
166,Антиперспирант Fa (fresh & free) 150мл,404,Фа | Anti-perspirant | fresh & free | 150мл,0.9347914457321167,1.0,2,matched
167,Сикрет Дезодорант-спрей delicate 150мл,73,Дезодорант-антиперспірант [SECRET] delicate (150мл),0.8831608891487122,0.99609375,1,matched
168,Secret Дез. clinical 45г,13,SECRET | Дезодорант-антиперспірант | clinical | 45г,0.8429298400878906,0.99609375,1,matched
169,Гарньер Antiperspirant mineral невидимый 150мл,201,Anti-perspirant Garnier - mineral невидимый / 150мл,0.9269606471061707,1.0,1,matched
170,Garnier Men Antiperspirant mineral 150мл,99,Garnier Men Антиперспирант 48h mineral 150мл,0.8830973505973816,0.99267578125,1,matched
171,Стик дезодорант Олд Спайс (captain) 50мл,149,Old Spice Deodorant stick captain 50мл,0.8841719031333923,0.99951171875,1,matched
172,Deo stick Nivea Care black & white 40мл,156,Deodorant stick [Нивея] black & white (40мл),0.8368878364562988,0.99951171875,1,matched
173,Дезодорант-ролик Nivea Care (fresh flower) 50мл,122,NIVEA DEO ROLL fresh flower 50мл,0.8347617387771606,0.9990234375,1,matched
174,"Deo roll-on Рексона ""антибактериальный"" 50мл",487,Roll-on deodorant REXONA - антибактериальный / 50мл,0.8457391262054443,1.0,2,matched
175,"Lady Speed Stick - Дезодорант дыхание свежести, 45г",467,Body spray Lady Speed Stick - дыхание свежести / 45г,0.901522696018219,0.99951171875,1,matched
176,Speed Stick Дезодорант power fresh 50г,260,SpeedStick Дезодорант-антиперспірант power fresh 50г,0.9214274883270264,0.99951171875,1,matched
177,Антиперсп. Шуар (cotton fresh) 150мл,176,SURE Антиперспирант 48h cotton fresh 150мл,0.817534327507019,0.9873046875,1,matched
178,"Antiperspirant Sure Men ""active dry"" 150мл",241,Sure for Men | Anti-perspirant | active dry | 150мл,0.9517311453819275,1.0,1,matched
179,Крем д/лица Nivea Care увлажняющий дневной 50мл,234,FACE CREAM Nivea Care - увлажняющий дневной / 50мл,0.9409825801849365,1.0,1,matched
180,Nivea Крем д/лица питательный ночной 50мл,437,Nivea Care FACE CREAM питательный ночной 50мл,0.9268461465835571,1.0,1,matched
181,Крем д/обличчя NIVEA q10 anti-wrinkle 50мл,62,q10 anti-wrinkle FACE CREAM NIVEA 50мл,0.9618222117424011,1.0,1,matched
182,Крем д/лица Loreal revitalift лазер 50мл,472,Loreal | FACE CREAM | revitalift лазер | 50мл,0.9574506282806396,1.0,1,matched
183,"Лореаль - Крем для лица гидра тотал 5, 50мл",414,LOREAL PARIS FACE CREAM гидра тотал 5 50мл,0.8920958042144775,0.9990234375,1,matched
184,"LOREAL PARIS - Крем д/обличчя возраст эксперт 45+, 50мл",258,Лореаль Facial cream возраст эксперт 45+ 50мл,0.851447582244873,0.99951171875,1,matched
185,"Крем для лица Garnier skin ""основной уход"" 50мл",151,Garnier Крем догляд обличчя основной уход 50мл,0.9476485848426819,1.0,1,matched
186,"Garnier - Face cream чистая кожа актив, 50мл",319,Крем догляд обличчя Garnier skin - чистая кожа актив / 50мл,0.9432456493377686,1.0,1,matched
187,Loreal Сыворотка revitalift гиалурон 30мл,369,FACE SERUM [Loreal] revitalift гиалурон (30мл),0.9009232521057129,0.97998046875,1,matched
188,"Сироватка Гарньер ""витамин С"" 30мл",224,Garnier skin | Сироватка для обличчя | витамин С | 30мл,0.8465703725814819,0.99951171875,2,matched
189,"NIVEA - Гель для умывания освежающий, 150мл",495,освежающий Очищуючий гель NIVEA 150мл,0.9155555963516235,0.99951171875,1,matched
190,Гель для умывания Нивея очищающий мягкий 150мл,328,CLEANSING GEL [Nivea] очищающий мягкий (150мл),0.8557226657867432,1.0,1,matched
191,Garnier Пенка д/умывания чистая кожа 150мл,314,Пінка очищуюча Garnier skin - чистая кожа / 150мл,0.8583208918571472,1.0,1,matched
192,Пінка д/вмивання Лореаль (бесконечная свежесть) 150мл,186,Face foam [LOREAL PARIS] бесконечная свежесть (150мл),0.7740547060966492,0.8935546875,1,matched
193,Мицеллярная вода Garnier skin для чувствительной кожи 400мл,378,Гарньер Micellar cleansing water для чувствительной кожи 400мл,0.8887380957603455,1.0,1,matched
194,Micellar water Garnier с маслами 400мл,44,Micellar cleansing water Гарньер - с маслами / 400мл,0.8977035284042358,1.0,2,matched
195,L'Oreal Paris Мицеллярная вода для всех типов кожи 400мл,249,L'Oreal Міцелярка для всех типов кожи 400мл,0.9143214225769043,1.0,1,matched
196,"Nivea - Міцелярна вода make-up expert, 400мл",20,Міцелярка Nivea Care - make-up expert / 400мл,0.9075857400894165,1.0,1,matched
197,Тоник Гарньер основной уход 200мл,419,Garnier skin | Тонік очищуючий | основной уход | 200мл,0.8699922561645508,0.99951171875,1,matched
198,"Nivea - Тоник д/лица освежающий, 200мл",8,Nivea Care FACE TONER освежающий 200мл,0.8655511140823364,0.99951171875,1,matched
199,"Гарньер - Скраб чистая кожа 3в1, 150мл",225,GARNIER | FACE SCRUB | чистая кожа 3в1 | 150мл,0.8804599642753601,1.0,1,matched
200,Скраб NIVEA очищающий 75мл,496,Facial exfoliator [Nivea] очищающий (75мл),0.811866044998169,0.97021484375,1,matched
201,Маска д/обличчя LOREAL PARIS (магия глины) 50мл,364,FACE MASK [LOREAL PARIS] магия глины (50мл),0.9464804530143738,1.0,1,matched
202,Garnier Маска для лица увлажнение с гиалуроном 28г,152,Garnier | Маска догляд обличчя | увлажнение с гиалуроном | 28г,0.9744576215744019,1.0,1,matched
203,Нивея Маска д/лица увлажняющая 15мл,432,FACE MASK Nivea - увлажняющая / 15мл,0.8825238347053528,1.0,1,matched
204,"Nivea Care - Eye cream q10 против морщин, 15мл",75,Крем навколо очей Nivea Care - q10 против морщин / 15мл,0.9281145334243774,1.0,1,matched
205,"Loreal - Eye cream revitalift, 15мл",483,Loreal | EYE CREAM | revitalift | 15мл,0.9599003195762634,1.0,1,matched
206,"ББ крем Гарньер ""skin active"" 50мл",63,Garnier | BB CREAM | skin active | 50мл,0.9246640801429749,1.0,1,matched
207,BB крем LOREAL PARIS magic skin 50мл,187,magic skin BB CREAM LOREAL PARIS 50мл,0.9704513549804688,1.0,1,matched
208,Крем для лица Olay Total total effects 7 in 1 50мл,80,total effects 7 in 1 FACE CREAM OLAY 50мл,0.9616903066635132,1.0,1,matched
209,"Крем д/лица Олей ""regenerist"" 50мл",298,OLAY | FACE CREAM | regenerist | 50мл,0.8341077566146851,0.99853515625,2,matched
210,"Виши - Крем д/лица aqualia thermal, 50мл",473,Vichy | Крем догляд обличчя | aqualia thermal | 50мл,0.8500722050666809,1.0,1,matched
211,Крем д/лица La Roche-Posay toleriane sensitive 40мл,447,toleriane sensitive Facial cream LaRochePosay 40мл,0.9005739092826843,0.99951171875,1,matched
212,"CERAVE - Face cream увлажняющий, 52мл",302,Facial cream [CERAVE] увлажняющий (52мл),0.9578791856765747,1.0,1,matched
213,Гель д/вмивання CeraVe очищающий 236мл,29,Очищуючий гель СераВе - очищающий / 236мл,0.8547961711883545,1.0,1,matched
214,Крем д/рук Нивея питательный 75мл,254,Nivea | Hand care cream | питательный | 75мл,0.8293135166168213,0.99951171875,1,matched
215,"Крем для рук Nivea Care ""anti-age q10"" 75мл",347,anti-age q10 Hand care cream Nivea 75мл,0.9556188583374023,1.0,1,matched
216,"Hand cream L'Oreal Paris ""восстанавливающий"" 75мл",244,Лореаль Крем догляд руки восстанавливающий 75мл,0.8457762002944946,0.99951171875,1,matched
217,"Garnier - Крем для рук интенсивный уход, 100мл",351,Garnier skin Hand care cream интенсивный уход 100мл,0.9269592761993408,1.0,1,matched
218,"Dove care - Крем д/рук питательный, 75мл",273,Крем догляд руки Дав - питательный / 75мл,0.8319019675254822,0.9990234375,1,matched
219,NEUTROGENA Крем д/рук быстрое впитывание 75мл,310,Нейтроджина Hand care cream быстрое впитывание 75мл,0.8090251088142395,0.9990234375,1,matched
220,Hand cream NEUTROGENA норвежская формула 50мл,353,HAND CREAM [NEUTROGENA] норвежская формула (50мл),1.0002210140228271,1.0,1,matched
221,Body lotion Nivea Care питательный 400мл,155,Nivea | Body moisturizer | питательный | 400мл,0.8799625635147095,0.97705078125,1,matched
222,"Body lotion Нивея ""q10 укрепляющий"" 400мл",286,Nivea Care | BODY LOTION | q10 укрепляющий | 400мл,0.9026777744293213,1.0,1,matched
223,Dove care Body lotion интенсивный 400мл,204,интенсивный BODY LOTION Дав 400мл,0.8470181226730347,0.99853515625,1,matched
224,Лосьйон д/тіла Dove care purely pampering 400мл,257,DOVE | Лосьйон зволожуючий тіло | purely pampering | 400мл,0.9287371635437012,0.9990234375,1,matched
225,Молочко д/тіла Гарньер (ультраупругость) 250мл,196,Молочко зволожуюче [Гарньер] ультраупругость (250мл),0.9412524700164795,0.9912109375,1,matched
226,Молочко Johnson's (мягкость хлопка) 400мл,66,Johnsons | Moisturizing milk | мягкость хлопка | 400мл,0.9203633666038513,0.99951171875,1,matched
227,Масло д/тела Nivea (интенсивное увлажнение) 200мл,132,NIVEA Nourishing body oil интенсивное увлажнение 200мл,0.9108452200889587,0.9990234375,1,matched
228,Dove care Олія д/тіла purely pampering 200мл,320,purely pampering BODY OIL Dove 200мл,0.925200879573822,0.99951171875,1,matched
229,"Body scrub Nivea Care ""скрабирующий гель"" 200мл",391,скрабирующий гель BODY SCRUB Nivea Care 200мл,0.9847476482391357,1.0,1,matched
230,"Dove - Скраб д/тела отшелушивающий, 225мл",148,DOVE | Скраб відлущуючий | отшелушивающий | 225мл,0.9456664323806763,0.99951171875,1,matched
231,PALMOLIVE Скраб спа терапия 250мл,130,Palmolive Naturals Body exfoliator спа терапия 250мл,0.8484127521514893,0.9873046875,1,matched
232,"Nivea - Крем для тела универсальный, 250мл",33,Nivea Care | Крем живильний тіло | универсальный | 250мл,0.870150089263916,0.9990234375,1,matched
233,Body cream Dove care глубокое увлажнение 300мл,16,Dove care Body butter глубокое увлажнение 300мл,0.943633496761322,0.990234375,1,matched
234,Крем д/ног Scholl (интенсивное увлажнение) 75мл,396,Шолль | FOOT CREAM | интенсивное увлажнение | 75мл,0.8732171654701233,0.99951171875,1,matched
235,Gehwol Крем д/ног для сухой кожи 75мл,494,Крем догляд ніг [GEHWOL] для сухой кожи (75мл),0.9437570571899414,1.0,1,matched
236,"TAFT - Лак д/волос power, 250мл",301,power Hairspray styling Taft 250мл,0.8106048107147217,0.9873046875,1,matched
237,"Лак Schwarzkopf Taft ""ultra"" 250мл",372,ultra Hairspray styling Тафт 250мл,0.7575812935829163,0.94580078125,1,matched
238,Лак д/волос WELLAFLEX объем 250мл,427,Hairspray styling WELLAFLEX - объем / 250мл,0.8521329164505005,0.98388671875,2,matched
239,Hair spray Веллафлекс сильная фиксация 400мл,315,Лак фіксуючий Wella Wellaflex - сильная фиксация / 400мл,0.7648705840110779,0.99365234375,1,matched
240,Taft Пенка д/волос classic 150мл,23,Тафт Мус для укладки classic 150мл,0.7701597809791565,0.947265625,1,matched
241,Wella Wellaflex Мусс д/волос мгновенный объем 200мл,474,WELLAFLEX Styling mousse мгновенный объем 200мл,0.8473697900772095,0.99658203125,1,matched
242,"Hair mousse Пантин ""экстра объем"" 200мл",386,экстра объем HAIR MOUSSE Pantene Pro-V 200мл,0.8585545420646667,0.99755859375,1,matched
243,"Гель д/волосся TAFT ""looks power"" 150мл",371,Styling gel TAFT - looks power / 150мл,0.9030387997627258,0.99951171875,1,matched
244,Веллафлекс Гель мокрый эффект 150мл,255,мокрый эффект Гель фіксуючий WELLAFLEX 150мл,0.8807637095451355,0.9990234375,1,matched
245,"TAFT - Віск д/волосся shine, 75мл",409,Віск моделюючий Тафт - shine / 75мл,0.8628371953964233,0.99560546875,1,matched
246,Віск д/волосся Wellaflex flexible finish 75мл,88,HAIR WAX Wellaflex - flexible finish / 75мл,0.8714140057563782,0.99609375,1,matched
247,Hair paste Axe natural look 75мл,356,Паста для укладки [Axe] natural look (75мл),0.898485541343689,0.9990234375,1,matched
248,"Tresemmé - Heat protection keratin smooth, 200мл",238,Thermal protector TRESemme - keratin smooth / 200мл,0.9162700176239014,0.99951171875,1,matched
249,Сьёс Термозащита heat protect 150мл,390,Syoss | Thermal protector | heat protect | 150мл,0.8894352912902832,1.0,1,matched
250,LOREAL PARIS Hair oil экстраординарное 100мл,48,HAIR OIL L'Oreal - экстраординарное / 100мл,0.8717795014381409,1.0,1,matched
251,Hair oil Garnier (тройное восстановление) 150мл,113,тройное восстановление Олія відновлююча Garnier 150мл,0.8789706826210022,1.0,1,matched
252,GLISS KUR Спрей-кондиціонер экспресс кондиционер 200мл,421,HAIR SPRAY COND GLISS KUR - экспресс кондиционер / 200мл,0.8812773823738098,0.9990234375,1,matched
253,Спрей Пантин (aqua light) 150мл,290,Спрей-догляд Pantene Pro-V - aqua light / 150мл,0.8605809211730957,0.9970703125,1,matched
254,"Несмываемый крем Гарньер ""sos восстановление"" 150мл",177,Fructis Крем незмивний sos восстановление 150мл,0.7754546999931335,0.97265625,1,matched
255,Жиллетт Shaving foam sensitive 250мл,462,SHAVING FOAM Жиллетт - sensitive / 250мл,0.9213011264801025,1.0,1,matched
256,GILLETTE Піна д/гоління series 250мл,3,Жиллетт | Піна для гоління | series | 250мл,0.8860601782798767,1.0,1,matched
257,"Nivea Men - Пенка д/бритья sensitive, 200мл",217,Нивея Мен SHAVING FOAM sensitive 200мл,0.7109605073928833,0.98046875,3,matched
258,Nivea Men Пенка д/бритья охлаждающая 200мл,465,SHAVING FOAM Nivea Men - охлаждающая / 200мл,0.7949256896972656,0.98681640625,1,matched
259,"Gillette Series - Гель д/бритья mach3, 200мл",115,mach3 SHAVING GEL Жиллетт 200мл,0.8220444321632385,0.99853515625,1,matched
260,Жиллетт Гель для бритья fusion proglide 200мл,384,GILLETTE | Гель для гоління | fusion proglide | 200мл,0.8857806921005249,0.9990234375,1,matched
261,Гель д/бритья NIVEA MEN deep clean 200мл,173,deep clean SHAVING GEL NIVEA MEN 200мл,0.9142457842826843,0.99658203125,1,matched
262,"Бальзам п/бритья NIVEA MEN ""sensitive"" 100мл",2,Post-shave balm Nivea Men - sensitive / 100мл,0.8307702541351318,0.99951171875,1,matched
263,Бальзам п/бритья Nivea Men охлаждающий 100мл,141,охлаждающий Post-shave balm Нивея Мен 100мл,0.7916568517684937,0.99951171875,1,matched
264,After shave balm Gillette series 100мл,95,series AFTERSHAVE BALM GILLETTE 100мл,0.9248363971710205,1.0,1,matched
265,"Лосьон после бритья Олд Спайс ""whitewater"" 100мл",51,whitewater Лосьйон після гоління Олд Спайс 100мл,0.9240843057632446,0.99951171875,1,matched
266,OLD SPICE Лосьон после бритья captain 100мл,136,OLD SPICE AFTERSHAVE LOTION captain 100мл,0.8799275755882263,1.0,1,matched
267,Лосьон п/бритья Nivea Men классический 100мл,86,Post-shave lotion Nivea Men - классический / 100мл,0.8064592480659485,0.99951171875,1,matched
268,"Станок д/бритья GILLETTE ""mach3"" 1шт",291,Shaving razor [Gillette Series] mach3 (1шт),0.840476393699646,0.9326171875,1,matched
269,GILLETTE Станок д/бритья fusion5 1шт,300,RAZOR [GILLETTE] fusion5 (1шт),0.845544695854187,0.99267578125,1,matched
270,Станок д/бритья Gillette Series (venus) 1шт,492,venus Бритва Жиллетт 1шт,0.8085489273071289,0.99609375,2,matched
271,Касети змінні Gillette mach3 4шт,42,mach3 Razor cartridges Gillette Series 4шт,0.794154703617096,0.9951171875,2,matched
272,Кассеты сменные Gillette Series fusion5 4шт,57,Razor cartridges [Gillette] fusion5 (4шт),0.7965132594108582,0.96826171875,1,matched
273,Сменные кассеты Gillette Series venus 4шт,397,Змінні касети Gillette - venus / 4шт,0.9109457731246948,1.0,1,matched
274,Бритвы одноразовые GILLETTE (blue 3) 6шт,53,Single-use razors [Жиллетт] blue 3 (6шт),0.8040962219238281,1.0,1,matched
275,Disposable razors Bic (flex 3) 4шт,354,DISPOSABLE RAZORS БИК - flex 3 / 4шт,0.9423632621765137,1.0,1,matched
276,"Baby shampoo J&J Baby ""без слез"" 300мл",392,Джонсонс Беби | Шампунь дитячий | без слез | 300мл,0.8490775227546692,0.990234375,1,matched
277,Джонсонс Беби Baby shampoo с ромашкой 300мл,435,с ромашкой Шампунь дитячий J&J Baby 300мл,0.8600324988365173,0.9990234375,1,matched
278,"Детский шампунь Bubchen ""для чувствительной кожи"" 400мл",324,для чувствительной кожи BABY SHAMPOO Bübchen 400мл,0.9277772903442383,1.0,1,matched
279,Baby soap Johnson's Baby с молоком 100г,441,Kids soap bar [Johnsons Baby] с молоком (100г),0.9115957021713257,0.99951171875,1,matched
280,"J&J Baby - Мыло детское с медом, 100г",417,Johnsons | Bar soap | детское с медом | 100г,0.791074812412262,0.9775390625,3,matched
281,"Дитячий крем J&J Baby ""увлажняющий"" 100мл",180,J&J Baby Крем дитячий увлажняющий 100мл,0.9923094511032104,1.0,1,matched
282,"Bubchen - Крем детский защитный, 150мл",56,защитный Крем дитячий Bubchen 150мл,0.959362268447876,1.0,1,matched
283,"Джонсонс Беби - Дитяча олія классическое, 200мл",102,BABY OIL [Johnson's Baby] классическое (200мл),0.8846469521522522,1.0,1,matched
284,J&J Baby Baby oil с алоэ 200мл,448,Джонсонс Беби | Олія дитяча | с алоэ | 200мл,0.8292585611343384,0.98046875,1,matched
285,Джонсонс Беби Детская присыпка классическая 100г,469,Johnsons Baby | Talc powder | классическая | 100г,0.7886713743209839,0.86865234375,1,matched
286,"Baby wipes PAMPERS ""sensitive"" 56шт",453,sensitive Kids wet wipes PAMPERS 56шт,0.9382398128509521,0.9970703125,1,matched
287,"Памперс - Влажные салфетки детские fresh clean, 80шт",37,BABY WIPES Памперс - fresh clean / 80шт,0.8944768309593201,0.99560546875,1,matched
288,"HUGGIES - Влажные салфетки детские pure, 56шт",451,Kids wet wipes Хаггис - pure / 56шт,0.8427218794822693,0.998046875,1,matched
289,"Памперс - Подгузники premium care, размер 3, 60шт",464,"Pampers | Підгузки дитячі | premium care | размер 3, 60шт",0.9477845430374146,1.0,1,matched
290,"Памперсы Pampers active baby размер 4, 76шт",323,"Памперс | DIAPERS | active baby | размер 4, 76шт",0.9474660158157349,0.99951171875,1,matched
291,"Подгузники HUGGIES elite soft размер 3, 72шт",264,"Nappies Хаггис - elite soft / размер 3, 72шт",0.8451504707336426,0.9990234375,1,matched
292,"Хаггис Памперсы ultra comfort размер 4, 66шт",165,"HUGGIES DIAPERS ultra comfort размер 4, 66шт",0.8869345188140869,0.998046875,1,matched
293,Крем під підгузок Bepanthen защитный 100г,267,DIAPER CREAM [BEPANTHEN] защитный (100г),0.8737006187438965,0.9990234375,1,matched
294,"Sudocrem - Diaper cream классический, 125г",430,Sudocrem | Крем під підгузок | классический | 125г,0.8669321537017822,0.99853515625,1,matched
295,"Johnsons Baby - Гель д/купания детский перед сном, 300мл",321,Johnson's Baby | Гель для купання дитячий | перед сном | 300мл,0.9494302272796631,1.0,1,matched
296,"Тушь Maybelline ""lash sensational"" 9.5мл",344,Maybelline MASCARA lash sensational 9.5мл,0.9350176453590393,0.99951171875,1,matched
297,Мейбелин Туш для вій volume express 10.7мл,68,Maybelline Lash mascara volume express 10.7мл,0.7771052122116089,0.998046875,1,matched
298,LOREAL PARIS Туш для вій volume million lashes 10.5мл,40,Лореаль Туш об'ємна volume million lashes 10.5мл,0.8837050199508667,0.99951171875,1,matched
299,"LOREAL PARIS - Туш для вій telescopic, 8мл",179,MASCARA [Лореаль] telescopic (8мл),0.7692123055458069,0.9873046875,1,matched
300,Mascara Essence lash princess 12мл,346,Туш об'ємна Essence - lash princess / 12мл,0.8507340550422668,0.99853515625,1,matched
301,Мейбелин Тональний крем fit me 30мл,188,fit me FOUNDATION Мейбелин 30мл,0.8532488346099854,0.966796875,1,matched
302,"Тональный крем Maybelline NY ""superstay"" 30мл",240,FOUNDATION [MAYBELLINE] superstay (30мл),0.8117713928222656,0.916015625,1,matched
303,"Лореаль - Foundation true match, 30мл",288,FOUNDATION [L'Oreal Paris] true match (30мл),0.8933814764022827,0.99658203125,1,matched
304,"LOREAL PARIS - Тональный крем infallible, 30мл",327,Base makeup LOREAL PARIS - infallible / 30мл,0.8382680416107178,0.99560546875,1,matched
305,Тональний крем BOURJOIS healthy mix 30мл,228,healthy mix Base makeup Bourjois 30мл,0.8542999029159546,0.9873046875,1,matched
306,"Мейбелин - Компактна пудра fit me, 9г",239,MAYBELLINE | Пудра фінішна | fit me | 9г,0.7864239811897278,0.94921875,1,matched
307,LOREAL PARIS Пудра компакт. true match 9г,227,LOREAL PARIS Пудра фінішна true match 9г,0.9179577827453613,0.90478515625,1,matched
308,"Max Factor - Пудра компакт. creme puff, 14г",70,creme puff Face powder MAX FACTOR 14г,0.8764505982398987,0.9990234375,1,matched
309,"Коректор Maybelline ""instant anti-age eraser"" 6мл",108,CONCEALER [Maybelline NY] instant anti-age eraser (6мл),0.9033777117729187,0.9677734375,1,matched
310,"Лореаль - Консилер infallible, 11мл",87,Corrector L'Oreal Paris - infallible / 11мл,0.8329727649688721,0.9853515625,1,matched
311,Maybelline NY Помада color sensational 4.4г,147,MAYBELLINE Lip color color sensational 4.4г,0.875397801399231,0.96142578125,1,matched
312,Lipstick MAYBELLINE superstay matte ink 5мл,406,Maybelline NY Помада стійка superstay matte ink 5мл,0.8640830516815186,0.98046875,1,matched
313,Губна помада Лореаль (color riche) 4.5г,277,LIPSTICK L'Oreal - color riche / 4.5г,0.8313745260238647,0.998046875,1,matched
314,L'Oreal Губна помада infallible 5мл,247,infallible Lip color Лореаль 5мл,0.8485220670700073,0.99755859375,1,matched
315,Помада ESSENCE long lasting 3.8г,157,Эссенс | Помада стійка | long lasting | 3.8г,0.8852184414863586,0.99560546875,1,matched
316,"Блиск д/губ Мейбелин ""lifter gloss"" 5.4мл",135,Lip shine Мейбелин - lifter gloss / 5.4мл,0.8828076720237732,0.99072265625,2,matched
317,Лореаль Блиск д/губ glam shine 6мл,380,glam shine Блиск сяючий Loreal 6мл,0.8825969696044922,0.998046875,1,matched
318,Lip liner Essence (soft & precise) 0.78г,168,Олівець контурний губи [ESSENCE] soft & precise (0.78г),0.8107944130897522,0.919921875,2,matched
319,Eye pencil Maybelline NY (master precise) 0.35г,125,master precise Олівець контурний очі Мейбелин 0.35г,0.8129936456680298,0.98388671875,1,matched
320,"Олівець д/очей Лореаль ""infallible"" 1.2г",363,LOREAL PARIS | Олівець контурний очі | infallible | 1.2г,0.8752805590629578,0.99658203125,1,matched
321,"Мейбелин - Лайнер hyper precise, 1мл",128,Підводка рідка Мейбелин - hyper precise / 1мл,0.8293607831001282,0.9619140625,1,matched
322,"Лайнер L'Oreal ""super liner"" 6мл",194,EYELINER [Лореаль] super liner (6мл),0.8845152854919434,0.99755859375,1,matched
323,Maybelline NY Eye shadow the nudes 9.6г,43,EYE SHADOW [MAYBELLINE] the nudes (9.6г),0.9782792329788208,0.99951171875,1,matched
324,Тени д/век Loreal la palette nude 7г,338,la palette nude Тіні палетка LOREAL PARIS 7г,0.8875405192375183,0.9609375,1,matched
325,Essence Eye shadow eyeshadow palette 7.5г,170,Тіні палетка Essence - eyeshadow palette / 7.5г,0.8939599990844727,1.0,1,matched
326,"Румяна компактные Maybelline ""fit me"" 4.5г",335,Maybelline | BLUSH | fit me | 4.5г,0.8077405691146851,0.998046875,1,matched
327,Loreal Blush true match 5г,486,Cheek color [Лореаль] true match (5г),0.8325539827346802,0.9716796875,1,matched
328,"Maybelline - Сяючий хайлайтер master strobing, 6.8г",202,master strobing HIGHLIGHTER Maybelline NY 6.8г,0.8635247349739075,0.9990234375,1,matched
329,Highlighter Лореаль glow mon amour 3г,317,HIGHLIGHTER Лореаль - glow mon amour / 3г,0.9621459245681763,1.0,1,matched
330,MAYBELLINE Карандаш д/бровей brow ultra slim 0.05г,422,Maybelline NY Eyebrow pencil brow ultra slim 0.05г,0.8599923253059387,0.99267578125,2,matched
331,Brow pencil L'Oreal (brow artist) 0.3г,454,Лореаль | BROW PENCIL | brow artist | 0.3г,0.9509611129760742,1.0,1,matched
332,"Brow gel Maybelline NY ""brow fast sculpt"" 2.8мл",126,Brow styling gel Maybelline - brow fast sculpt / 2.8мл,0.9148459434509277,1.0,2,matched
333,"Гель д/брів Essence ""make me brow"" 3.8мл",189,make me brow Гель фіксуючий брови ESSENCE 3.8мл,0.9168450236320496,0.99853515625,1,matched
334,"Праймер L'Oreal ""infallible"" 35мл",203,infallible PRIMER LOREAL PARIS 35мл,0.8663060069084167,0.99365234375,1,matched
335,База Maybelline NY (master prime) 30мл,69,master prime Праймер основа Maybelline NY 30мл,0.9150895476341248,0.99951171875,1,matched
336,"Лореаль - Фиксатор макияжа infallible, 100мл",342,Makeup fixer [LOREAL PARIS] infallible (100мл),0.8122380971908569,0.99951171875,1,matched
337,Garnier Средство д/снятия макияжа мицеллярная вода 125мл,499,GARNIER | Засіб демакіяж | мицеллярная вода | 125мл,0.9118392467498779,0.99951171875,1,matched
338,Засіб д/зняття макіяжу Nivea Care (двухфазное) 125мл,394,Cleanser makeup Нивея - двухфазное / 125мл,0.7901291847229004,0.9990234375,1,matched
339,Эйвон Eau de toilette far away 50мл,261,Туалетна вода [AVON] far away (50мл),0.8664540648460388,1.0,1,matched
340,Туалетна вода Эйвон (little black dress) 50мл,118,Avon EDT little black dress 50мл,0.8333135843276978,1.0,1,matched
341,EDT ORIFLAME eclat 50мл,235,Toilet water ORIFLAME - eclat / 50мл,0.8295798301696777,0.87890625,1,matched
342,EDT Mexx fresh woman 30мл,50,Toilet water Мекс - fresh woman / 30мл,0.8100240230560303,0.99169921875,1,matched
343,EDT Мекс (ice touch man) 50мл,138,EDT MEXX - ice touch man / 50мл,0.95301353931427,1.0,1,matched
344,Парфумована вода AntonioBanderas (blue seduction) 50мл,294,AntonioBanderas Парфумована вода blue seduction 50мл,0.9846667051315308,1.0,1,matched
345,Парфюмированная вода Antonio Banderas queen of seduction 50мл,456,Парфумована вода A.Banderas - queen of seduction / 50мл,0.8744914531707764,1.0,1,matched
346,Адидас Туалетна вода team five 100мл,373,ADIDAS EDT team five 100мл,0.8471428751945496,0.9970703125,1,matched
347,EDT Adidas (get ready) 50мл,58,Toilet water Adidas - get ready / 50мл,0.8413925766944885,0.97998046875,1,matched
348,EDT Playboy (vip) 60мл,339,vip Туалетна вода PLAYBOY 60мл,0.8794071078300476,0.998046875,1,matched
349,"Туалетная вода BiEs ""victoria"" 100мл",271,BiEs Туалетна вода victoria 100мл,0.9881531000137329,1.0,1,matched
350,Парфумований дезодорант BI-ES blossom garden 75мл,83,PERFUME DEO [BiEs] blossom garden (75мл),0.875578761100769,0.99951171875,1,matched
351,Спрей д/тела Эйвон far away 100мл,382,AVON | Спрей ароматичний | far away | 100мл,0.8502331972122192,0.99267578125,1,matched
352,Гигиен.прокладки ALWAYS ultra normal plus 36шт,120,ALWAYS Feminine pads ultra normal plus 36шт,0.8169286251068115,0.9853515625,2,matched
353,Прокладки гігієнічні Always ultra super 32шт,245,Прокладки гігієнічні Always - ultra super / 32шт,0.9746144413948059,1.0,1,matched
354,"Олвейс - Sanitary pads platinum ultra night, 14шт",445,SANITARY PADS [ALWAYS] platinum ultra night (14шт),0.8687344789505005,0.99609375,1,matched
355,Прокладки гігієнічні Натурелла (ultra maxi) 16шт,468,ultra maxi Feminine pads Натурелла 16шт,0.8075595498085022,0.99658203125,1,matched
356,Гигиен.прокладки Натурелла classic night 14шт,418,Naturella Feminine pads classic night 14шт,0.7533539533615112,0.99462890625,1,matched
357,Sanitary pads KOTEX (ultra normal) 40шт,425,ultra normal SANITARY PADS KOTEX 40шт,0.9722216129302979,1.0,1,matched
358,Прокладки гігієнічні Kotex (ultra night) 14шт,477,Feminine pads Котекс - ultra night / 14шт,0.743738055229187,0.99853515625,2,matched
359,"Always - Щоденні прокладки daily fresh, 60шт",318,DAILY PADS Always - daily fresh / 60шт,0.8480620980262756,1.0,1,matched
360,Натурелла Ежедневные прокладки light 52шт,466,Naturella | Panty liners | light | 52шт,0.7192036509513855,0.8662109375,1,matched
361,Daily liners Котекс natural normal 40шт,311,DAILY PADS [Котекс] natural normal (40шт),0.8834831714630127,0.9921875,1,matched
362,"o.b. - Тампони procomfort normal, 16шт",278,O.B. Feminine tampons procomfort normal 16шт,0.8958708047866821,0.99951171875,1,matched
363,O.B. Тампони procomfort super 16шт,455,o.b. | TAMPONS | procomfort super | 16шт,0.9425638914108276,1.0,1,matched
364,TAMPAX Tampons compak regular 16шт,159,TAMPAX Feminine tampons compak regular 16шт,0.9730768203735352,0.9951171875,1,matched
365,Tampons Tampax pearl super 18шт,284,Тампакс TAMPONS pearl super 18шт,0.9476149082183838,0.99951171875,1,matched
366,Белла Cotton pads cotton 120шт,266,COTTON PADS [Bella] cotton (120шт),0.9417684674263,1.0,1,matched
367,"Ватні диски CLEANIC ""pure effect"" 100шт",262,Диски ватні [CLEANIC] pure effect (100шт),0.9878725409507751,1.0,1,matched
368,"Белла - Cotton buds cotton, 200шт",84,cotton Q-tips Белла 200шт,0.7630131244659424,0.953125,1,matched
369,Cotton buds Johnsons (для детей) 100шт,426,для детей Палички ватні Johnsons 100шт,0.7936052083969116,0.9638671875,1,matched
370,"Клинекс - Wet wipes бережное очищение, 40шт",444,KLEENEX | WET WIPES | бережное очищение | 40шт,0.9411810636520386,1.0,1,matched
371,Wet wipes Нивея (освежающие) 25шт,388,NIVEA | WET WIPES | освежающие | 25шт,0.9240020513534546,1.0,1,matched
372,KLEENEX Паперові хустинки оригинальные 10шт,110,оригинальные Paper hankies KLEENEX 10шт,0.8539748787879944,0.9990234375,1,matched
373,Paper tissues ZEWA softis 10шт,164,Зева Хустинки паперові softis 10шт,0.8373721837997437,0.99755859375,1,matched
374,Toilet paper Зева (deluxe) 8 рулонов,376,deluxe Bath tissue Зева 8 рулонов,0.8791018724441528,0.998046875,1,matched
375,Туалетний папір ZEWA just 1 4 рулона,329,just 1 Bath tissue ZEWA 4 рулона,0.8543283939361572,0.9990234375,1,matched
376,Кондиционер OGX macadamia oil 75мл,331,macadamia oil Hair conditioner OGX Beauty 75мл,0.8876882791519165,0.99951171875,1,matched
377,"Axe - Душ гель black, 500мл",162,black Засіб для душу AXE 500мл,0.891137957572937,1.0,1,matched
378,"Toilet paper ZEWA ""just 1"" 200мл",265,Bath tissue ZEWA - just 1 / 200мл,0.8452905416488647,0.99560546875,1,matched
379,"NIVEA - Крем д/тела универсальный, 150мл",350,универсальный Крем живильний тіло Nivea Care 150мл,0.8577874898910522,0.99951171875,1,matched
380,Гель д/душу RADOX feel refreshed 150мл,359,Засіб для душу Radox - feel refreshed / 150мл,0.8963124752044678,1.0,1,matched
381,Дезодорант-антиперспірант Rexona for men cobalt dry 150мл,398,Rexona for men | ANTIPERSPIRANT | cobalt dry | 150мл,0.9339762330055237,1.0,1,matched
382,Шамп. Гарньер (рост во всю силу) 500мл,345,Гарньер Шампунь для волосся рост во всю силу 500мл,0.9309660196304321,1.0,1,matched
383,Мицеллярная вода GARNIER (с маслами) 400мл,169,Garnier Micellar cleansing water с маслами 400мл,0.9321637153625488,1.0,1,matched
384,Пенка очищающая Garnier чистая кожа 150мл,314,Пінка очищуюча Garnier skin - чистая кожа / 150мл,0.8850054740905762,1.0,1,matched
385,"Гель д/душа Palmolive ""натурэль олива и молочко"" 400мл",166,Palmolive | Body wash | натурэль олива и молочко | 400мл,0.85640549659729,0.998046875,1,matched
386,"SENSODYNE - Зуб.паста мгновенный эффект, 75мл",420,SENSODYNE Tooth paste мгновенный эффект 75мл,0.9401004910469055,1.0,1,matched
387,"Nivea Care - Мицеллярная вода make-up expert, 50мл",423,Micellar cleansing water Nivea Care - make-up expert / 50мл,0.9434034824371338,1.0,1,matched
388,Johnson&Johnson Туалетное мыло детское с медом 100г,417,Johnsons | Bar soap | детское с медом | 100г,0.872073769569397,0.9990234375,2,matched
389,Head&Shoulders Шамп. ментол 250мл,192,ментол Засіб для миття волосся H&S 250мл,0.7559119462966919,0.99169921875,2,matched
390,"Консилер LOREAL PARIS ""infallible"" 75мл",197,CONCEALER L'Oreal Paris - infallible / 75мл,0.8334746956825256,0.99951171875,1,matched
391,Gillette Series Пенка д/бритья sensitive 250мл,462,SHAVING FOAM Жиллетт - sensitive / 250мл,0.7302963137626648,0.99365234375,3,matched
392,"Antiperspirant Фа ""fresh & free"" 150мл",404,Фа | Anti-perspirant | fresh & free | 150мл,0.9808183908462524,1.0,1,matched
393,Крем д/рук GARNIER (интенсивный уход) 100мл,351,Garnier skin Hand care cream интенсивный уход 100мл,0.9367486238479614,0.99951171875,1,matched
394,Дез. Олд Спайс whitewater 150мл,322,DEODORANT [Old Space] whitewater (150мл),0.8053266406059265,0.99951171875,1,matched
395,"AVON - Спрей д/тела far away, 400мл",116,Body spray fragrance AVON - far away / 400мл,0.8855977654457092,0.9990234375,1,matched
396,"Зуб.паста Oral-B ""3d white luxe"" 500мл",140,Oral B | Tooth paste | 3d white luxe | 500мл,0.9537405967712402,1.0,1,matched
397,"Крем д/тела Дав ""глубокое увлажнение"" 300мл",341,Body butter [Dove] глубокое увлажнение (300мл),0.7921051383018494,0.98681640625,1,matched
398,Паста зубная COLGATE максимальная защита 75мл,407,Паста для чищення зубів [COLGATE] максимальная защита (75мл),0.9773513674736023,1.0,1,matched
399,HeadShoulders Бальзам-ополаскиватель основной уход 200мл,90,Ополаскиватель H&S - основной уход / 200мл,0.7953306436538696,0.9970703125,2,matched
400,"Maybelline - Brow pencil brow ultra slim, 0.05г",422,Maybelline NY Eyebrow pencil brow ultra slim 0.05г,0.9230505228042603,0.9970703125,1,matched
401,Primer Maybelline master prime 30мл,485,master prime PRIMER Maybelline NY 30мл,0.9487445950508118,0.99267578125,1,matched
402,"Дез. Dove care ""invisible dry"" 150мл",476,invisible dry Body spray DOVE 150мл,0.8843168616294861,0.99365234375,1,matched
403,Body lotion Дав интенсивный 250мл,208,интенсивный Лосьйон зволожуючий тіло DOVE 250мл,0.7970868349075317,0.84130859375,2,matched
404,Олд Спайс Лосьон п/бритья whitewater 750мл,493,AFTERSHAVE LOTION [Old Space] whitewater (750мл),0.7844598293304443,0.9970703125,1,matched
405,"Herbal Ess. - Шампунь д/волос алоэ и манго, 50мл",28,Herbal Essences | Hair cleanser | алоэ и манго | 50мл,0.8337874412536621,0.99853515625,1,matched
406,Помада д/губ Мейбелин (color sensational) 125г,76,Мейбелин Lip color color sensational 125г,0.8942104578018188,0.94921875,1,matched
407,"Лореаль - Помада д/губ color riche, 50г",112,Помада стійка Loreal - color riche / 50г,0.842707633972168,0.9931640625,1,matched
408,GLISS KUR ШАМПУНЬ экстремальное восстановление 400мл,332,Глисс Кур | Шампунь для волосся | экстремальное восстановление | 400мл,0.9098695516586304,1.0,1,matched
409,"Сплат - Паста зубная отбеливание плюс, 100мл",442,Сплат TOOTHPASTE отбеливание плюс 100мл,0.9039322137832642,1.0,1,matched
410,Фа Гель д/душа magic oil розовый жасмин 300мл,9,magic oil розовый жасмин SHOWER GEL Fa 300мл,0.8904612064361572,0.99658203125,1,matched
411,Кондиционер GlissKur liquid silk 50мл,416,Gliss Kur Hair conditioner liquid silk 50мл,0.8577360510826111,0.99951171875,1,matched
412,Гель д/гоління NIVEA MEN (deep clean) 200мл,173,deep clean SHAVING GEL NIVEA MEN 200мл,0.9090516567230225,0.99658203125,2,matched
413,Antiperspirant Sure Men (active dry) 300мл,295,Sure Men Антиперспирант 48h active dry 300мл,0.8974565863609314,0.99267578125,1,matched
414,Дитяча паста COLGATE клубника 250мл,470,Колгейт | Дитяча паста для зубів | клубника | 250мл,0.8997560143470764,1.0,1,matched
415,"Hair spray Пантин ""aqua light"" 400мл",229,Спрей-догляд Pantene - aqua light / 400мл,0.8324247598648071,0.9990234375,1,matched
416,"Blend a med - Паста д/зубів 3d white, 100мл",103,Паста для чищення зубів [Блендамед] 3d white (100мл),0.833654522895813,0.99951171875,1,matched
417,Liquid soap Fa гигиена и свежесть 250мл,276,LIQUID SOAP Fa - гигиена и свежесть / 250мл,0.9675275087356567,1.0,1,matched
418,SCHAUMA Засіб д/волосся для мужчин 200мл,400,SCHAUMA Shamp для мужчин 200мл,0.9175286293029785,0.9990234375,1,matched
419,Johnson's Baby Мыло детское с медом 50г,109,J&J Baby | Мило дитяче | с медом | 50г,0.8503732085227966,0.978515625,2,matched
420,"Olay - Крем д/обличчя regenerist, 50мл",366,Olay Крем догляд обличчя regenerist 50мл,0.9287942051887512,1.0,1,matched
421,Cleansing gel Nivea (освежающий) 100мл,93,CLEANSING GEL Нивея - освежающий / 100мл,0.8665339350700378,1.0,1,matched
422,Шампунь д/волос Aussie miracle moist 300мл,161,Шампунь для волосся AUSSIE - miracle moist / 300мл,0.9509382843971252,1.0,1,matched
423,Hair wax Веллафлекс (flexible finish) 75мл,88,HAIR WAX Wellaflex - flexible finish / 75мл,0.9164589047431946,1.0,1,matched
424,Жидкое мыло NIVEA крем-уход 250мл,231,крем-уход Hand wash NIVEA 250мл,0.8675161004066467,0.91796875,2,matched
425,Бальз. Elseve L'Oreal (полное восстановление) 200мл,491,Эльсев | Бальзам-ополіскувач | полное восстановление | 200мл,0.8582368493080139,0.99609375,1,matched
426,"Гель д/душу Palmolive Naturals ""мягкий и сладкий персик"" 500мл",129,Palmolive | Засіб для душу | мягкий и сладкий персик | 500мл,0.885643720626831,1.0,1,matched
427,"Душ гель Johnson's ""vita-rich лесные ягоды"" 400мл",478,Johnson&Johnson | Гель д/тіла | vita-rich лесные ягоды | 400мл,0.9056065082550049,0.99951171875,1,matched
428,Олівець д/брів L'Oreal (brow artist) 0.3г,209,brow artist Олівець для брів L'Oreal 0.3г,0.9727597236633301,1.0,1,matched
429,Дез. Axe (apollo) 150мл,218,Дезодорант-антиперспірант [АКС] apollo (150мл),0.8400804996490479,0.998046875,2,matched
430,Mascara MAYBELLINE (lash sensational) 9.5мл,344,Maybelline MASCARA lash sensational 9.5мл,0.9917095899581909,1.0,1,matched
431,"Кассеты сменные Gillette Series ""venus"" 20шт",383,GILLETTE Змінні касети venus 20шт,0.9248858690261841,1.0,1,matched
432,"Джонсонс - Soap детское с молоком, 100г",106,SOAP BAR [Johnsons] детское с молоком (100г),0.8793898224830627,0.99951171875,2,matched
433,WELLAFLEX Лак объем 250мл,427,Hairspray styling WELLAFLEX - объем / 250мл,0.8331589102745056,0.990234375,2,matched
434,Toothpaste Аквафреш (intense clean) 75мл,283,intense clean TOOTHPASTE Аквафреш 75мл,0.9833590984344482,1.0,1,matched
435,Рідке мило DETTOL антибактериальное 75мл,160,Деттол Hand wash антибактериальное 75мл,0.8245964646339417,0.90185546875,1,matched
436,Дезодорант-антиперспірант Rexona motion sense 750мл,52,Anti-perspirant [Rexona] motion sense (750мл),0.9162060618400574,1.0,1,matched
437,Lip gloss MAYBELLINE lifter gloss 5.4мл,299,LIP GLOSS MAYBELLINE - lifter gloss / 5.4мл,0.9569551348686218,1.0,1,matched
438,Shower gel Johnson&Johnson мягкость хлопка 400мл,460,мягкость хлопка SHOWER GEL Johnson&Johnson 400мл,0.979143500328064,1.0,1,matched
439,"Тіні д/повік Мейбелин ""the nudes"" 150г",32,Eye palette [Мейбелин] the nudes (150г),0.8570861220359802,0.98974609375,1,matched
440,"Щоденні прокладки Олвейс ""daily fresh"" 60шт",34,Panty liners [Олвейс] daily fresh (60шт),0.792354941368103,0.998046875,1,matched
441,Блеск д/губ Loreal (glam shine) 6мл,380,glam shine Блиск сяючий Loreal 6мл,0.8958514928817749,0.99609375,1,matched
442,Блиск д/губ L'Oreal Paris glam shine 500мл,72,LIP GLOSS L'Oreal Paris - glam shine / 500мл,0.8738644123077393,0.98828125,1,matched
443,Мицеллярная вода GARNIER для чувствительной кожи 100мл,153,для чувствительной кожи Міцелярка Garnier skin 100мл,0.9166833162307739,1.0,1,matched
444,"Conditioner TRESEMME ""keratin smooth"" 400мл",85,Кондиціонер TRESemme - keratin smooth / 400мл,0.9280731678009033,1.0,1,matched
445,"Крем д/обличчя СераВе ""увлажняющий"" 100мл",178,СераВе FACE CREAM увлажняющий 100мл,0.938763439655304,1.0,1,matched
446,LOREAL PARIS Крем д/лица гидра тотал 5 300мл,174,Лореаль | Крем догляд обличчя | гидра тотал 5 | 300мл,0.8767398595809937,1.0,2,matched
447,Maybelline NY Lip gloss lifter gloss 5.4мл,299,LIP GLOSS MAYBELLINE - lifter gloss / 5.4мл,0.8992620706558228,1.0,1,matched
448,Олівець д/брів Мейбелин (brow ultra slim) 200г,450,Мейбелин BROW PENCIL brow ultra slim 200г,0.9206556081771851,0.99951171875,1,matched
449,Паста зубная Colgate (total 12) 100мл,222,Колгейт Паста для чищення зубів total 12 100мл,0.9089600443840027,1.0,1,matched
450,Бальзам-кондиціонер Syoss Professional (color) 500мл,433,Кондиціонер д/волосся Syoss - color / 500мл,0.8126055598258972,0.998046875,2,matched
451,"Паста д/зубів Колгейт ""тройное действие"" 100мл",146,Colgate TOOTHPASTE тройное действие 100мл,0.8538822531700134,1.0,1,matched
452,Гель д/душа Камей dynamique grapefruit 100мл,313,dynamique grapefruit SHOWER GEL Камей 100мл,0.9003103971481323,0.99853515625,1,matched
453,Nivea Men Гель д/душа cool kick 150мл,489,SHOWER GEL [NIVEA MEN] cool kick (150мл),0.892658531665802,0.99560546875,1,matched
454,"Нивея - Гель д/душа крем уход, 250мл",395,Нивея | Гель д/тіла | крем уход | 250мл,0.9325262904167175,0.994140625,1,matched
455,"Bic - Бритвы одноразовые flex 3, 4шт",497,BIC | Одноразові бритви | flex 3 | 4шт,0.9419059753417969,1.0,1,matched
456,Паста зубная Орал Би (3d white luxe) 75мл,457,3d white luxe TOOTHPASTE Орал Би 75мл,0.9238558411598206,1.0,1,matched
457,Би-ЕС EDT victoria 100мл,230,Bi-Es EDT victoria 100мл,0.9678261876106262,1.0,1,matched
458,"Axe - Дезодорант black, 300мл",452,Дезодорант-антиперспірант [Axe] black (300мл),0.9098212122917175,0.99951171875,1,matched
459,"Liquid soap Dove ""красота и уход"" 100мл",94,Bar soap Дав - красота и уход / 100г,0.7167458534240723,0.97265625,4,matched
460,"Бритва Жиллетт ""venus"" 1шт",492,venus Бритва Жиллетт 1шт,0.9899913668632507,1.0,1,matched
461,Антиперсп. Фа (sport double power) 150мл,131,Fa | Anti-perspirant | sport double power | 150мл,0.8997306227684021,1.0,1,matched
462,"Deo roll-on Rexona ""антибактериальный"" 75мл",325,DEO ROLL Рексона - антибактериальный / 75мл,0.902154266834259,1.0,1,matched
463,Крем для лица Vichy aqualia thermal 100мл,282,aqualia thermal Крем догляд обличчя VICHY 100мл,0.9628572463989258,1.0,1,matched
464,Shower gel OLD SPICE (wolfthorn) 75мл,205,OldSpice | Засіб для душу | wolfthorn | 75мл,0.7940788269042969,0.994140625,1,matched
465,Гель д/душа Дав (огурец и зеленый чай) 250мл,6,огурец и зеленый чай Body wash Dove 250мл,0.802200436592102,0.99609375,1,matched
466,Рум'яна Maybelline NY (fit me) 100г,326,BLUSH [MAYBELLINE] fit me (100г),0.781732439994812,0.99169921875,1,matched
467,Карандаш д/губ Essence (soft & precise) 100г,259,Lip pencil [ESSENCE] soft & precise (100г),0.8452533483505249,0.93017578125,1,matched
468,Lip gloss L'Oreal Paris (glam shine) 500мл,72,LIP GLOSS L'Oreal Paris - glam shine / 500мл,0.9609225988388062,1.0,1,matched
469,"Помада Maybelline ""superstay matte ink"" 750мл",7,LIPSTICK [Maybelline NY] superstay matte ink (750мл),0.9056370854377747,0.970703125,1,matched
470,Гель д/душа Dove MenCare extra fresh 100мл,484,DOVE MEN+CARE | Гель д/тіла | extra fresh | 100мл,0.9173641204833984,0.98974609375,1,matched
471,Детская присыпка Johnson's Baby классическая 75г,309,Talc powder [Johnson's Baby] классическая (75г),0.8122971653938293,0.86181640625,1,matched
472,"Джонсонс - Мыло туалетное детское с молоком, 100г",106,SOAP BAR [Johnsons] детское с молоком (100г),0.8359683156013489,0.9990234375,2,matched
473,Гель д/бровей Maybelline NY brow fast sculpt 2.8мл,137,brow fast sculpt BROW GEL Maybelline 2.8мл,0.913492739200592,0.99951171875,1,matched
474,"Лосьон Dove ""purely pampering"" 75мл",65,Body moisturizer [Dove care] purely pampering (75мл),0.8722640872001648,0.97998046875,1,matched
475,BI-ES Туалетная вода victoria 100мл,271,BiEs Туалетна вода victoria 100мл,0.9379173517227173,1.0,1,matched
476,Gillette Series Гель для бритья fusion proglide 250мл,92,GILLETTE Shave gel fusion proglide 250мл,0.914396345615387,0.99951171875,1,matched
477,Bübchen Baby cream защитный 200мл,45,Kids moisturizer Бюбхен - защитный / 200мл,0.7969793081283569,0.9990234375,2,matched
478,"ШАМПУНЬ H&S ""ментол"" 500мл",365,Shamp [H&S] ментол (500мл),0.9247122406959534,1.0,1,matched
479,"Eye cream L'Oreal ""revitalift"" 15мл",483,Loreal | EYE CREAM | revitalift | 15мл,0.9531081914901733,1.0,1,matched
480,Johnson&Johnson Ватные палочки для детей 100шт,426,для детей Палички ватні Johnsons 100шт,0.9438005685806274,1.0,1,matched
481,L'Oreal Paris Тональный крем true match 30мл,308,FOUNDATION [L'Oreal Paris] true match (30мл),0.8760035037994385,0.9736328125,1,matched
482,"ББ крем L'Oreal Paris ""magic skin"" 50мл",187,magic skin BB CREAM LOREAL PARIS 50мл,0.925318717956543,1.0,2,matched
483,"Nivea Men - Дез. silver protect, 75мл",352,Nivea for Men DEODORANT silver protect 75мл,0.9074698090553284,1.0,1,matched
484,"Помада д/губ L'Oreal Paris ""color riche"" 125г",405,L'Oreal | Lip color | color riche | 125г,0.8723976016044617,0.8037109375,1,matched
485,"ШАМПУНЬ Пантин ""объем"" 250мл",242,Hair cleanser Пантин - объем / 250мл,0.8344399333000183,0.9970703125,1,matched
486,Карандаш д/глаз Maybelline master precise 125г,498,Мейбелин EYE PENCIL master precise 125г,0.8060656785964966,0.98876953125,1,matched
487,"Nivea Care - Micellar water make-up expert, 75мл",253,make-up expert MICELLAR Nivea 75мл,0.9250754117965698,1.0,1,matched
488,"Blend-a-med - Зубная паста complete 7, 750мл",200,Blendamed | Tooth paste | complete 7 | 750мл,0.8302342295646667,1.0,2,matched
489,Гель для душа DOVE кокос 250мл,306,SHOWER GEL Dove - кокос / 250мл,0.8804040551185608,1.0,1,matched
490,Toothpaste Пародонтакс (классическая) 150мл,31,Пародонтакс TOOTHPASTE классическая 150мл,0.9919183254241943,1.0,1,matched
491,"BB cream LOREAL PARIS ""magic skin"" 100мл",307,L'Oreal BB CREAM magic skin 100мл,0.9059320688247681,0.99951171875,2,matched
492,L'Oreal Elseve Conditioner цвет эксперт 200мл,449,ELSEVE | Ополаскиватель | цвет эксперт | 200мл,0.892436683177948,0.97314453125,1,matched
493,Тушь Мейбелин lash sensational 9.5мл,121,lash sensational Lash mascara MAYBELLINE 9.5мл,0.8462548851966858,0.99951171875,1,matched
494,Прокладки гігієнічні Always (platinum ultra night) 14шт,445,SANITARY PADS [ALWAYS] platinum ultra night (14шт),0.8772494792938232,1.0,1,matched
495,Сыворотка GARNIER (витамин С) 30мл,224,Garnier skin | Сироватка для обличчя | витамин С | 30мл,0.8527236580848694,0.994140625,1,matched
496,Toothpaste ELMEX (sensitive) 75мл,293,ELMEX | Tooth paste | sensitive | 75мл,0.9770736694335938,1.0,1,matched
497,Пенка д/умывания Garnier skin чистая кожа 400мл,275,CLEANSING FOAM [Garnier skin] чистая кожа (400мл),0.8435205817222595,0.99169921875,1,matched
498,Sanitary pads Котекс ultra night 24шт,206,Прокладки гігієнічні [Kotex] ultra night (24шт),0.8171724081039429,0.99951171875,2,matched
499,Pantene Маска интенсивное восстановление 300мл,355,Mask for hair PANTENE - интенсивное восстановление / 300мл,0.9053430557250977,1.0,2,matched
